index,title,type,category,liked_count,shared_count,comment_count,collected_count,total_interactions,engagement_score
1,奶爸假期遛娃~~ ,video,日常生活,9,0,0,0,9,9
2,你的城市是否也有这样早市,normal,日常生活,16,0,0,0,16,16
3,为啥小朋友不记得在幼儿园里干了啥,normal,日常生活,406,0,0,0,406,406
4,扬州 | 金秋九月下扬州,normal,日常生活,17,0,0,0,17,17
5,儿童科普故事：古希腊,video,儿童故事,39,0,0,0,39,39
6,儿童科普故事：古巴比伦,video,儿童故事,84,0,0,0,84,84
7,儿童科普故事：古埃及,video,儿童故事,110,0,0,0,110,110
8,还是个孩子啊 ,video,日常生活,21,0,0,0,21,21
9,儿童故事102：善良与勇敢,video,儿童故事,47,0,0,0,47,47
10,儿童故事101：勇敢,video,儿童故事,64,0,0,0,64,64
11,儿童故事100：丢脸不要紧,video,儿童故事,91,0,0,0,91,91
12,儿童故事99：学会解决问题,video,儿童故事,217,0,0,0,217,217
13,儿童故事98：好事需要时间和耐心,video,儿童故事,69,0,0,0,69,69
14,儿童故事97：做最棒的自己,video,儿童故事,84,0,0,0,84,84
15,儿童故事96：福克斯的尾巴,video,儿童故事,50,0,0,0,50,50
16,儿童故事95：面对困难要坚持,video,儿童故事,155,0,0,0,155,155
17,儿童故事94：我不怕一个人睡,video,儿童故事,116,0,0,0,116,116
18,儿童故事93：交朋友原来这么简单,video,儿童故事,70,0,0,0,70,70
19,儿童故事92：不要在昏暗的地方读书,video,儿童故事,43,0,0,0,43,43
20,儿童故事91：吃东西前要洗手,video,儿童故事,109,0,0,0,109,109
21,儿童故事90：不要对妈妈发脾气,video,儿童故事,173,0,0,0,173,173
22,儿童故事89：幼儿园真好玩,video,儿童故事,70,0,0,0,70,70
23,儿童故事88：妈妈发火不是不爱你,video,儿童故事,448,0,0,0,448,448
24,儿童故事87：自律的意义,video,儿童故事,142,0,0,0,142,142
25,儿童故事86：善良不等于软弱,video,儿童故事,119,0,0,0,119,119
26,儿童故事85：我们为什么要上学,video,儿童故事,166,0,0,0,166,166
27,儿童故事84：别碰我的甜甜圈,video,儿童故事,82,0,0,0,82,82
28,儿童故事83：不睡午觉的小狐狸,video,儿童故事,119,0,0,0,119,119
29,儿童故事82：被欺负了怎么办,video,儿童故事,147,0,0,0,147,147
30,儿童故事81：一粒麦子,video,儿童故事,81,0,0,0,81,81
